,0,1,2,3,4,5,6,7,8,9,10,11,12,13,14,15,16,17,18,19,20,21,22,23,24,25,26,27,28,29,30,31,32,33,34,35,36,37,38,39,40,41,42,43,44,45,46,47,48,49,50,51,52,53,54,55,56,57,58,59,60,61,62,63,64,65,66,67,68,69,70,71,72,73,74,75,76,77,78,79,80,81,82,83,84,85,86,87,88,89,90,91,92,93,94,95,96,97,98,99
Early_Gene_0,0.0737102768226116,0.0,0.03346571792221828,0.39371286360724794,0.12965686750199037,0.32092679304643973,0.4348981238567652,0.20005969575247912,0.2109680631426778,0.4200010140173047,0.5877673865176092,0.4407395638520606,0.4177724675299263,0.5029194163387736,0.5752944326433762,0.6072483673788278,0.8069782691750786,0.6068722799991818,0.6223270496731332,0.6989254230022579,0.6729253139534699,0.7449156793791046,0.7883357619732115,0.7155661558695595,1.0,0.9310742693917634,0.8334310570712979,0.9435464274781176,1.0,0.9887726009993304,0.8450609743317433,1.0,1.0,0.9229123834116901,0.769806657890779,1.0,0.9861167176383832,1.0,0.8846611601530512,0.8980478114539086,0.7920359722709439,0.6258202365709905,0.7040437645796238,0.6806124659919801,0.8206762924192122,0.6758008803715014,0.6241172015432237,0.8270921737527792,0.7577295436994065,0.573530423077753,0.6037543510280994,0.5960108079278361,0.704509035692949,0.3640895186263677,0.6437460458772851,0.6023031223076317,0.5193143604825621,0.49156987241399186,0.6485580741482836,0.5323055630688271,0.3269784602749904,0.4706868473103929,0.4624668681992909,0.51624425271553,0.4925981891881464,0.3763246838821368,0.47527607554759427,0.4135686205635941,0.43882823696411527,0.5011588343098173,0.354027539534446,0.5159150137676626,0.2929626050128155,0.32918882371062874,0.3087311436587427,0.3480088554833042,0.3011658022357992,0.4843904229507079,0.327437253033834,0.3321370702647376,0.3754616315794762,0.32710483687788816,0.25365562838337996,0.44128898070996714,0.273997496967462,0.2293312996891872,0.05941160905507745,0.2205909985283813,0.20315717874972639,0.0,0.3088401525156115,0.14972591384736894,0.20455101886456784,0.12238012194379343,0.25331501131483625,0.0,0.006385828802028065,0.0,0.22647093766105708,0.17963988104791104
Early_Gene_1,0.08767108909322686,0.0,0.03763804541246109,0.10074791782957293,0.18859302800237043,0.2700974541335948,0.25075263271927406,0.12613938862680388,0.4794815468876066,0.3679004394648116,0.26245906031704563,0.6105970760505537,0.6844533889906856,0.724085736527084,0.5854842824168413,0.7357642944913613,0.572653882723924,0.8298840130320345,0.6227772762242063,0.7614302464463386,0.8516561358305655,0.6888840108918832,0.8392415747445695,0.9904736527519513,0.8932938961523689,0.9510049562304972,1.0,1.0,1.0,0.880641963321692,1.0,0.927914182314708,0.8962519775077438,0.9560847094640614,0.7498858406127612,0.8854995068013352,0.8058453653239092,0.9751735903744371,0.7639236810610498,0.8779126435693666,0.74591914705463,0.759447196651241,0.7946210570136346,0.7757474572349222,0.822267592253582,0.7561517134250012,0.6147432230920677,0.5529158841362056,0.6830543579878383,0.7645176083627074,0.7311760342093618,0.36590958141795915,0.652020020467137,0.6288953881083282,0.5305268773835075,0.5173110172395706,0.6587231797177387,0.529601328258085,0.5366911214489483,0.5186263892143691,0.4594340405103632,0.4632947546423097,0.5800076498074256,0.5524202923119895,0.4964099900538992,0.4579491357621635,0.46754740607513706,0.4154016688890871,0.35426309211762486,0.4854967746065651,0.39976208142623687,0.13893862671401913,0.5102382744116897,0.36330847163212715,0.5813650654156375,0.2540710682934703,0.37022620218576696,0.34009828058706754,0.3733034332079516,0.3879528678965657,0.2879249562648611,0.42170701777498165,0.3557428846459357,0.47035365850704947,0.27305301130578763,0.16441706553103483,0.27208047792349144,0.22849085470801817,0.09642025036643087,0.11419293854840466,0.091203111540637,0.0,0.03697234307456044,0.20739409480616555,0.0,0.029827062056307238,0.14593441799125467,0.1511404578462073,0.0,0.0
Early_Gene_2,0.032319862348844534,0.12689839296165317,0.24658094935366587,0.15982605497978603,0.23830103005286207,0.34222385383058035,0.36545267144876814,0.27007531198902157,0.24802342662672783,0.226095053983758,0.3962341585245286,0.5500593857370604,0.5252980718109399,0.5717247794821906,0.4716585354494602,0.678141489974937,0.7501221562001668,0.7296777035988602,0.7092613623087944,0.6410464139466904,0.858710640945261,0.968684052311453,0.8266790482093616,1.0,0.901076300969709,0.9736326581860743,1.0,1.0,0.7330226733180611,0.9529505373502958,1.0,0.80132830826579,0.8860891097788477,0.9650915916323486,0.9804232455212558,0.8304763597040717,0.9554700798284174,0.8660369076613547,0.7774426808880373,0.9492249253025293,0.8775353323154562,0.6948055433948974,0.7564653505532395,0.7188564359406987,0.5934034195201152,0.8102539181158326,0.7388513382448503,0.5954876967370155,0.6675366689851263,0.7038637114578352,0.7746249087331313,0.6242097402022017,0.5643865008488634,0.4091553502332679,0.6962400608241307,0.4851895870592969,0.5987713986882499,0.46431535672419055,0.46000049999712767,0.654545609557702,0.540578108555829,0.6071392542968872,0.6110773954718216,0.4974139337004898,0.38999701492382893,0.3608304914766053,0.4203165952712709,0.43273477726417753,0.4437635470345598,0.4183300441792292,0.3338832654500303,0.4369353042811096,0.33302464375400775,0.5021983249219976,0.274494347037213,0.40853299827649825,0.336478477553279,0.28874422478749506,0.41639933089605835,0.333302603771262,0.16523156486578694,0.339889459560042,0.35637110395366856,0.276380482755333,0.17327425599381457,0.3243732836912786,0.23832802500690167,0.30125130143331413,0.1671405792748827,0.287483564110568,0.4744636683085371,0.21141535637500547,0.17822907734899957,0.015615237766444134,0.09556819076337397,0.029719858435678814,0.017682475142330473,0.0,0.0,0.0
Early_Gene_3,0.13145318761786107,0.09339046925092787,0.0964724594571399,0.2858703438241561,0.20003418656866734,0.33198528415305195,0.21494048175327657,0.45860189062839696,0.47898418338073867,0.46599874760139604,0.32892586891004566,0.40036249883497793,0.695985261917227,0.5040320942885789,0.39993500537861393,0.7433365783339252,0.6788113819250623,0.8007952139854245,0.6075070393579144,0.43247763702267455,0.8609897725351754,0.887425904821584,1.0,0.8922669824092704,0.9581484889672456,1.0,0.9312751905459027,1.0,0.921280189765894,1.0,1.0,0.7638553735178799,0.9346602519789181,0.8826909962215672,0.9637781962988394,0.810367056648931,0.8502597821394439,0.9049326238458879,0.7535683513730944,0.947114763955191,0.6748686655948963,0.8345112005753976,0.856403114944637,0.665895549768935,0.6059665190806225,0.8755815500051145,0.6820438296159658,0.8232210683021457,0.86993650105602,0.8525209189680317,0.5132787203145198,0.6793607897188603,0.6832231332929237,0.5673699641771252,0.547406969304377,0.723396346617472,0.6296494098009442,0.6050599200754164,0.5386405003592935,0.5392521923597521,0.5172110950502714,0.609011821997863,0.46328882925824477,0.5586005605250834,0.4463931827783443,0.6183243731773851,0.47363316868131405,0.3965301463670414,0.32527244828813845,0.43190698731898197,0.3693182687514725,0.34159497927140314,0.40886815842072277,0.5171925489295168,0.3924926218042625,0.17784028308910627,0.4488012921681659,0.40318056029865906,0.2711138292811094,0.22212106834836956,0.2248350338365866,0.33270240132332324,0.3163779555075891,0.08083787303033763,0.25127888649052954,0.10710866971716282,0.12019466937029463,0.06024839062569887,0.06993673685291057,0.20946051917432346,0.23184364665872564,0.01272329977866865,0.1595420664752473,0.3105456129567584,0.0,0.07230973910884383,0.133679827647223,0.0,0.06944079676179443,0.0
Early_Gene_4,0.09926924337283333,0.0,0.05687649155933888,0.39156300804940186,0.19083845551324977,0.15751618200851394,0.3591457706822456,0.3584546070126999,0.33039436212948836,0.40266588359787125,0.2809545164822271,0.5248803418996418,0.6782994083262024,0.7332634525900847,0.6073546838135133,0.6480987315642156,0.7555838844854321,0.48308768145474656,0.7182204124751268,0.6543936782958412,0.926254283683535,0.8385728204436453,0.7117661227967226,0.8936310558241048,0.9765594836417761,1.0,0.8435739910029515,1.0,0.8672970297714345,1.0,1.0,0.9790948075256599,0.8818190548736488,1.0,1.0,0.7445230550691438,0.8952503376244131,0.7999315036598224,0.9175202625723442,0.8495324962378641,0.7260201678824748,0.7677150147376178,0.6658063181064031,1.0,0.7925846427608806,0.66928361161462,1.0,0.6018540491545079,0.702965187025149,0.6986483779190263,0.6354697408351807,0.7395803358265928,0.6528947607037767,0.4735112786970634,0.7498826684918407,0.47179382838083,0.3605927992135264,0.4244497825387985,0.5818839171080801,0.59102369233454,0.45674068560014874,0.5048298547060341,0.6023173184349222,0.444544230636584,0.4641716743999948,0.43704143793723077,0.3669083977251387,0.6495909406237361,0.37440713205051834,0.31103122871155575,0.3349900417337113,0.4285640171228031,0.4247942864027847,0.4482770611221001,0.22703227189995456,0.3050011301515626,0.3918729083333375,0.19706719865645939,0.320916982710037,0.21142974875841541,0.1889217494901306,0.6034738051733914,0.157191743176322,0.27791524411089896,0.21317922490566507,0.18290839355137578,0.2739515767892572,0.3293761964128721,0.0,0.23994649519708278,0.05351961391678055,0.0,0.15696241180406947,0.18868458803477683,0.0,0.13278996528699125,0.09048502353865256,0.0,0.06066319071609207,0.1153581522740344
Early_Gene_5,0.20290797718974932,0.22033323159676216,0.28728032593016284,0.101332610216646,0.24038110570685817,0.33809490345761134,0.43812829655590657,0.3854198494641486,0.2876828601866935,0.2318078409739898,0.509979347963932,0.5006159149191528,0.4339544092260371,0.7344910158590926,0.6480065562247502,0.6699437539470848,0.7694756185949614,0.9112910578741368,0.7515415617611818,0.7513670360798164,0.9044171909906511,0.6609588222681304,0.6992823929930566,0.8672646836604179,0.9194352447189238,1.0,0.8878943363546321,1.0,0.95096871118178,0.9688179324540303,0.9285254586026783,0.9259017260277098,1.0,0.9192968469696496,0.9935263057263505,0.9368092665387951,0.8408625424791892,0.8128974600806538,0.874782923117778,0.7644723730505433,0.7169493685538011,0.725625289841201,0.62404376739773,0.8398482743833928,0.6883438641948398,0.535109097880586,0.6655809047569422,0.7895843013411421,0.8956007405618839,0.6544685298349304,0.7620260155406015,0.5395526215953564,0.6715256871928259,0.8004842881455883,0.5015732115096081,0.516237730949186,0.54599726431519,0.7203560593167306,0.56724115146185,0.5726675416163556,0.4445289758048036,0.6392241211696877,0.47385801851695425,0.4457250912778961,0.7358277630100987,0.4223578282444944,0.2465837757535876,0.5077500817027314,0.32508739782045437,0.2811486648700514,0.4139538295808545,0.3801027124726801,0.4986383248985312,0.438219639986288,0.4069945404914335,0.3969042196865742,0.48396762501348345,0.13414680590415273,0.41197206057776187,0.24518338432431552,0.1560068239594815,0.2653836774479163,0.3738894365931019,0.18849079074009434,0.14782807275852294,0.3224561704739315,0.2441977404193983,0.07565294119773705,0.10338807418308363,0.2166171723171056,0.08947998306719296,0.20897149697495157,0.17037195773399844,0.13627000161094735,0.059075093834770685,0.0,0.19543996557224835,0.10303295255681727,0.0,0.10598750345780546
Early_Gene_6,0.20096872437395644,0.0,0.2974723547375331,0.1742227889933562,0.23488317741238507,0.3255289309414755,0.3928052947456363,0.46327030057926644,0.24852629575587476,0.29621856436546723,0.4085415130002156,0.2590328283237343,0.605768079936942,0.6174536965604611,0.6099831026541656,0.8153313307919614,0.7514888420731303,0.7621028274654661,0.8513756324529335,0.7204713678357472,0.8482363963974913,0.7470054161073048,0.6920072322090212,0.8181077870665552,0.6991176907505277,1.0,0.9739884709178166,0.9660392988406645,0.9396435258598177,1.0,1.0,1.0,1.0,0.9006901493643752,0.8910499508307445,0.764081416280098,0.7643424015018021,0.9969636112278891,0.8528509381593744,0.8946196822750694,0.8855656721176484,0.7379485990125355,0.6410478408811046,0.622050856302802,0.71589067370508,0.719698143445933,0.717712844927865,0.7760287309408677,0.9164928063621594,0.5817548150799703,0.7011029737559592,0.6054464604520988,0.6628403539309998,0.5689288292010912,0.44735146260750075,0.3932093684610958,0.46016450872301456,0.3929890721815885,0.6166512892948393,0.5761628661671258,0.5538060180956779,0.5539351911054567,0.5807834886455653,0.4666855513617353,0.4890240750693929,0.39142842940751754,0.5211503935554347,0.37817101408628867,0.48024125867633577,0.2469635317578535,0.39153917482786393,0.36198671254739906,0.4027230166524549,0.29800037480657476,0.29417586298351356,0.3153188447970341,0.30177532955432096,0.35092671623919097,0.3262936973814855,0.3990662104233973,0.43078935245223626,0.10391978752058659,0.2631498486743067,0.11547615743760051,0.09939077453877945,0.23371593237150912,0.3863391923236491,0.3790772248169562,0.2822473380852647,0.13861770952270194,0.05509562956964269,0.15807424359672897,0.12290596316775211,0.1759897369160049,0.02540264663188531,0.0,0.0,0.0,0.0,0.0
Early_Gene_7,0.20425556817419122,0.0,0.07058658523428057,0.11068957462980866,0.3860170066461258,0.2301267092820664,0.45321319298805185,0.27416727388229833,0.27923135736018345,0.2761911511696482,0.5779140405896563,0.7538823481632493,0.5526462637924072,0.6822852963064641,0.5820565673816207,0.8392373721123835,0.8859231871805119,0.7137538632292886,0.8339561993466996,0.7459023782703429,0.6035384076671115,0.7516961704672624,0.6691019232250183,0.7102019636797571,0.853797064977141,0.9338064903529915,0.9819949019370849,1.0,0.929401832714258,0.9495728369891889,1.0,0.8835551594730412,0.9467220600646824,0.8420437955064789,0.9324667173268727,1.0,0.8041639157434484,0.9704327271660299,0.7520049283084249,0.958520316387268,0.7559420260665634,0.7647240378335008,0.7339794618538993,0.8675989789429643,0.7779833202815766,0.6178698514825207,0.8313730459575162,0.7385274505760249,0.6187956627706959,0.7102795892024361,0.8345439993828444,0.7445375159933731,0.5416113575656432,0.5345385033131227,0.6160650282581567,0.5044337011109432,0.4984519340275883,0.5156346651368272,0.5532577368553813,0.6508220593363359,0.6944264428469819,0.3917145153784968,0.45725080920213396,0.55843321458818,0.6943291554416249,0.4469386131838626,0.40966583342494106,0.5920318723112795,0.3684495107792086,0.4285123741925394,0.4706787812944937,0.29860807065833983,0.21631045318466058,0.2993382961501657,0.27593356514550466,0.48817292804568724,0.2746920929505675,0.2689835536270377,0.3016879724533608,0.18517562378634178,0.19481103389064278,0.1251956885744602,0.31091819336501525,0.10768954529413685,0.19799792045536602,0.28695482626078694,0.34211428214552847,0.3375225833495106,0.13299646093636708,0.3478896817610655,0.0,0.07645903441924959,0.07044839115342053,0.29063092135446045,0.0,0.10095220220541866,0.0808295060744296,0.11585643180138257,0.0,0.04477294219895246
Early_Gene_8,0.1960264122191009,0.21878511493704475,0.04589299653689603,0.14604567409134397,0.36026906830864697,0.3331402560021307,0.35444575237385556,0.28773715976704245,0.17117200362754667,0.5458763492834269,0.356854394219292,0.4819590708844777,0.5407064668631262,0.5850663753970012,0.6519165348707635,0.6355164347580666,0.7307103380016498,0.6910349216300884,0.5401874582986352,0.924859701692875,0.7545976829756199,0.8181477613477488,0.776809245156344,0.8615658029733212,0.9742153432400591,0.9438008975237254,0.9550182491192434,0.8202551068158619,0.9412490791828025,0.9454477668131428,0.9932883241006136,0.7596155988963178,1.0,0.9587418271271096,1.0,0.9088165966529045,0.9549252905837716,0.7704002301821193,0.7097549279010024,0.7563684466074044,0.8403597273006409,0.7084155751400224,0.7415143953790817,0.7200326821110288,0.7725676603356104,0.7183390401148934,0.626034206944586,0.7346299963637645,0.805877361367088,0.7342240266107024,0.9069669934712409,0.5787954334108049,0.6883205896807282,0.6801010310070367,0.619715445700891,0.40745723923818356,0.4119331392479184,0.6813333392025858,0.4210554696598617,0.6079968549576934,0.6918567097307474,0.6627860261898848,0.610722102859528,0.5140038925791846,0.5064774100141441,0.3095027662865785,0.5273901429093417,0.35692384807952376,0.25918347305213285,0.45476474009877166,0.24326727043077181,0.502579123275186,0.4964331018149193,0.25685175858177767,0.22608459683186552,0.2648677712715065,0.538303782891628,0.28327028304519164,0.2575387122280819,0.19012708467314882,0.2381807787639833,0.13610563006334078,0.20718359457580332,0.34218456702191147,0.29362046599965885,0.1096995128872459,0.10547407190539965,0.2564680078746565,0.16801164740404592,0.16137548674786797,0.0,0.06684091276861484,0.10316862426867802,0.0,0.09552040286838287,0.3129908695895805,0.167848182426699,0.0,0.0,0.0
Early_Gene_9,0.09904700074554634,0.0,0.10035314888190824,0.19675012248014362,0.23607271352762144,0.2120047797460357,0.22136220899959405,0.4259034835703599,0.36606494474998336,0.2815132763675428,0.26542764894124804,0.3754314697077459,0.4023949455034016,0.5649655328448077,0.7191581727915266,0.5171339811152756,0.6308296289977141,0.5950092696180721,0.7743244484702945,0.7197878540265376,0.4859865507367614,0.7756332449365166,0.889805412560956,0.764713598099814,0.7563103826079798,1.0,0.8591788131093995,1.0,1.0,1.0,0.8865662141924957,1.0,0.8229856661060151,0.9616950115476683,0.9896463172919541,0.8248609665285556,0.9885548496495352,0.9704023779614218,0.9683775087112507,0.836858922725454,0.8334418038524505,0.617508756787849,0.7821026372987152,0.6107610595051667,0.9359628218659466,0.7374248219472279,0.7777498604540768,0.6810403833277916,0.7749412485389949,0.6902841818700227,0.6555173533906564,0.48015271613225263,0.686905815993404,0.41601605644416273,0.6342929559811245,0.5039115433202324,0.5884206335768589,0.5832100019403493,0.5540300923702147,0.5467929887134048,0.5039020806670499,0.4964571026969254,0.5685399173442597,0.5113086080002271,0.6146608023909055,0.5264445039506543,0.403517664640482,0.6129811170052246,0.2576421636511469,0.45724846094984245,0.43782133312667326,0.20088731266642293,0.34836354889546767,0.29519160703952274,0.44128714352423537,0.14551554374872175,0.39327563865932386,0.34540761412164334,0.32947551486933385,0.18268436788006803,0.22494312119510287,0.22663238342784958,0.3947435242433062,0.38878892402700893,0.19274375896816026,0.23504931255184605,0.2393021980620268,0.29391998550687054,0.06147673394865827,0.12187866343914022,0.2908988854436948,0.05776244666372883,0.0,0.13218995817439624,0.0725200739349192,0.1387107333816649,0.06942666549894486,0.0,0.0,0.0
Early_Gene_10,0.0989808736749408,0.03826233931289078,0.26320400768879204,0.14658925160960315,0.32684476743954965,0.29388826997663126,0.27114700944567094,0.19014278660913794,0.2821252665549471,0.2818012373017686,0.6349587248260171,0.4179291636900622,0.5687755072583414,0.6215592664830359,0.6372493767161717,0.8815023443035827,0.6945868336931768,0.6544861052708227,0.7900533487537528,0.6808386135501233,0.6653023815574272,0.9566029908977086,0.8775268278603224,0.7363177058693309,0.9569797985146369,1.0,0.8940056992071443,1.0,0.9750000816550832,0.9923480092486245,0.9212055757950168,0.9159725931195563,0.9286701831007063,0.8769228468825152,0.8415168788429604,0.9498734725858706,0.8068664309939311,0.8762739173615975,0.8403322117522164,0.8592694121486742,0.5716623033407134,0.9119945000609615,0.8117111547237165,0.8339984394618369,0.7063428274828604,0.8358351874821432,0.8092964579815592,0.8317565186110515,0.6251179063407821,0.5458999289720889,0.7818276690679187,0.4392614612630049,0.4082880503358445,0.567309632174442,0.5076704015003202,0.3172467457865479,0.4422808287247738,0.5247814631742034,0.6471875048377389,0.5869104251511258,0.6358647060103108,0.5892060431620492,0.5434765366359527,0.4228976967700872,0.5011113796682034,0.6192484860986817,0.5085908445244414,0.4003431576869022,0.3941632170512936,0.12374250863284209,0.40742690455545144,0.5310057820300924,0.34771490053070153,0.4952317330775903,0.29367759768404167,0.38823364201787586,0.3148985767652847,0.3870309424038307,0.35710810675499843,0.3716985275357053,0.19994668335895033,0.19604149014237385,0.2585945471687149,0.07495891454463874,0.25081652579735514,0.17743753085410885,0.3240960595210986,0.18779154066951315,0.046463235957687254,0.0,0.054555547558829784,0.0928218116317506,0.1416222999251098,0.019627447268671883,0.015804956728044585,0.011435175945348819,0.0,0.03141420844976876,0.0,0.0
Early_Gene_11,0.06702271773283829,0.15310293714476828,0.0013414910158750099,0.20366621065325127,0.3532403593866986,0.259524333503647,0.30429844182002075,0.43204203569732236,0.38072464830709213,0.3122721302339107,0.3579403691152486,0.48300732461744106,0.4306343360608772,0.5096843055902709,0.6604821366765717,0.6752263022758705,0.7491402031319633,0.6516247451038759,0.6716294773937738,0.6424201371072356,0.7589679227546505,0.7950906640344162,0.9855044740886729,0.8122629125619292,0.7518332524632269,0.8221453086650632,1.0,1.0,0.8828047634262711,1.0,0.9131309480313284,0.987967577702222,1.0,0.8794425303137113,0.9662505781997723,0.9522870556420561,0.6531682807865955,0.8100954586353255,0.8884720934592225,0.9816855640916631,0.8828006292027573,0.8938791858321706,0.6782112419846005,0.7427683835721546,0.7805033622268741,0.8124698273854195,0.8582609497063471,0.7816389204884574,0.7004402165607593,0.7524167115039601,0.722178487098127,0.755507889134535,0.6649464160824736,0.48334544814010194,0.623939740736045,0.7259256750077847,0.6025555411255186,0.38007963880824847,0.7277783788804595,0.557420113666964,0.39477824449879795,0.5696626631278223,0.4147282255770136,0.43900638082558463,0.37381917895702665,0.3598351895504689,0.5586666492697197,0.3637128410687843,0.4474481600648196,0.3840134188261994,0.43641484536388037,0.2750584431405346,0.39281588162201714,0.2710526402582291,0.2402106664551246,0.267764597493795,0.4513252971656014,0.29266886442908385,0.12636460298027488,0.11376576193931998,0.3912624509238769,0.32232988879107094,0.28351104829170526,0.23996496786651436,0.21656473664189446,0.18249332873783788,0.2426886419164866,0.3708063123802303,0.0,0.15839016630331063,0.11318141711208118,0.1861427432053092,0.10217986155522192,0.10904402538829285,0.12165434629733424,0.05666968392481404,0.29104092512103913,0.0,0.0,0.0
Branch0_Gene_0,0.0,0.0981109194661856,0.06824176731193342,0.0,0.02095140750200035,0.0,0.0027033243458828224,0.0,0.0,0.03567753456511591,0.0,0.048206520639504466,0.12767315458589198,0.0,0.1649857131782666,0.07338354518347394,0.0,0.0,0.0,0.0,0.0,0.059955379648401114,0.20876265296531282,0.10965020511251594,0.08447948718349091,0.0,0.0,0.0,0.07108120347638223,0.09849413673987639,0.01558449079281135,0.0,0.0,0.04463221579467603,0.18786686325159274,0.033241284715660104,0.024438838003945036,0.23473870684203146,0.2835390945695957,0.0,0.2780784829126547,0.2368367055744221,0.0,0.2778456035097185,0.08277470060819583,0.3292377053339828,0.23854612922683546,0.08911379501466053,0.226399829139129,0.15617988969926044,0.27558926510563136,0.0,0.0,0.46472087972644543,0.0,0.01965156119761826,0.0,0.0,0.0,0.0,0.3768835220563943,0.022900533523694283,0.0,0.0,0.0,0.5756362798615181,0.4274657208943152,0.5070427604510016,0.6815283669706823,0.15062413925991183,0.7205314613872453,0.0,0.04169093370460096,0.6284292602831869,0.04125710502465352,0.09193474586831854,0.029162947510993277,0.0,0.7628651862550768,0.7687252163006014,0.0,0.7419548626075005,0.7690910916567207,0.0228291826246893,0.718749236718249,0.0,0.7160774617583132,0.7538007178152161,1.0,0.9703237540848241,0.019845730568388262,0.8682399262561081,0.006127533544009634,0.0,0.9037610002839139,0.0,0.007990756583195752,0.0,0.08807446985247715,0.0573115106864093
Branch0_Gene_1,0.14036397820569704,0.03668992261996182,0.0,0.12942518089879146,0.09113686806258631,0.15393985114807393,0.025110018949143605,0.0,0.0,0.0,0.0,0.0,0.1506030474120073,0.14549251164807897,0.0,0.0,0.0,0.0,0.0,0.11855314766765707,0.0,0.13057488656013444,0.0,0.2129261490945945,0.0,0.0829369908041751,0.06781894266353576,0.0,0.06598408945048236,0.0,0.0,0.10469721891397901,0.11305270503438138,0.0,0.036405740101396085,0.0,0.1566315705122483,0.0873087072678661,0.22553216656172614,0.046964952613463555,0.16580391288139726,0.3608556265100278,0.0,0.12259720370574637,0.2301133559472279,0.30479999414064257,0.4207162136515422,0.10507180888359519,0.3677362200301518,0.0,0.2641133843621523,0.08509639355293153,0.0,0.3894094098107053,0.038851932636331264,0.03701947121368835,0.10580725916485961,0.2491020145351599,0.05808912879015376,0.14306664370532834,0.39429986611780926,0.0,0.0,0.02310042355304477,0.016747168630808423,0.601909885736333,0.6247822343022864,0.650178465726049,0.5465662264719378,0.0,0.557286472060166,0.10276596724478959,0.05716241158944944,0.6008796883141443,0.0,0.2526023754836384,0.043002754470043314,0.08759978830352694,0.7861207278441601,0.9285632085704956,0.01207957301778112,0.6991782638884532,0.8013312610970219,0.19180125066928067,0.8589319331703785,0.0,0.7836715285829645,0.7314006100351907,0.7089608452391529,0.9124619524760005,0.0,0.8229596108356143,0.12301089992453829,0.0,0.8456278060575945,0.007512297910333566,0.024906903514279734,0.0,0.0,0.046933292056472384
Branch0_Gene_2,0.0,0.0,0.09081121739282612,0.15946955552921593,0.04483754260530607,0.11242238218988986,0.0723983808611775,0.09742348124990215,0.0,0.04351354654253087,0.07423117154628343,0.0,0.01517763207539427,0.0,0.0,0.0,0.12578817264364608,0.06482737261372394,0.0,0.09106223041037036,0.0,0.0063239642289890695,0.0,0.013945304073494633,0.02792565687012405,0.017966011836325176,0.06341171692974293,0.013818945255888558,0.0,0.0,0.0,0.05611400360989014,0.1263333346694798,0.010028244855365872,0.07843546568519313,0.0,0.0,0.2758759383559185,0.17887971793119134,0.0,0.3734536431444866,0.17708612995365353,0.0,0.1843649756809138,0.19533852050970946,0.2669346992400597,0.1665760140382943,0.09259974682984257,0.20289599856370855,0.0,0.3280550327176335,0.026274490080012838,0.0,0.45717464777285344,0.17516351396803423,0.0,0.03298069763368848,0.0,0.0,0.0,0.449867237051755,0.12514942847675908,0.0,0.0,0.0,0.533894773687256,0.6764330945904241,0.5607581044885991,0.5367502230032608,0.0,0.5765184678259493,0.06070758493020323,0.09955247131536747,0.7566551436556763,0.0,0.0,0.1533783487093489,0.055251451491683125,0.6895852601222449,0.6902910745421118,0.0,0.5279371585529151,0.5820444580342912,0.0,0.7783880318122226,0.045042226821086676,0.900536282827182,0.8337550474138143,0.7750585325641206,0.8686974296872759,0.0,0.9447396699107288,0.0,0.07555202926679855,1.0,0.0,0.16677348816329496,0.1239526233951987,0.07723066032726231,0.13171549657806994
Branch0_Gene_3,0.14144590380432995,0.0,0.0,0.11002343400688447,0.0,0.0,0.11916170089400135,0.0636163567104585,0.0,0.10052100381661427,0.03188813264736221,0.0,0.0,0.014012464582650206,0.0,0.0,0.0,0.18897536602910706,0.019167533861779135,0.07635095637954328,0.051167848395083954,0.07383887834260726,0.11280725660305686,0.03986825335578934,0.0,0.0,0.21069152512945333,0.04191215350322101,0.07576919813413673,0.05235913090482607,0.0,0.0,0.0,0.0,0.0,0.14313370672720732,0.038336031386897056,0.07326814477589097,0.11110768738438961,0.0,0.23520528524391243,0.17090283634590603,0.0,0.07482987085003234,0.1893634809304735,0.24443041433377544,0.3067362187931296,0.0,0.38166125494414943,0.0,0.33330962822122195,0.0,0.12017284340592205,0.5567117448783174,0.0938932675693519,0.0,0.0,0.0,0.0029527187371460764,0.07457905813079649,0.41520216871962334,0.024787000931805178,0.13014523255888863,0.07671219796903414,0.0,0.350490968388157,0.6536030391245451,0.609675045403885,0.6123376746176307,0.09173215810970349,0.5561392239116392,0.0,0.061162292078483775,0.7311410544828831,0.025877281373821427,0.0,0.0,0.09413735390489204,0.8051106926359867,0.723151322331527,0.0,0.7243991896003275,0.7875343198076155,0.07628033244647409,0.6065442899985475,0.0952910193289213,0.7768541422987706,0.7533716559995188,0.8910345068067065,0.8338765314659958,0.0,1.0,0.0,0.0,0.8403720961960797,0.0,0.0,0.018603997204644764,0.0,0.12447224166319173
Branch1_Gene_0,0.07357674541122251,0.004507986017726456,0.0,0.0,0.02591173715859964,0.0,0.13720394967019303,0.09420051389202827,0.039005577177646356,0.0,0.1416546219722613,0.0,0.05485589896442741,0.047159387192555385,0.07273602445080395,0.0,0.1691896662011725,0.006475749299859422,0.0,0.0,0.0,0.0,0.01563926276675946,0.007944788439631385,0.002290403711071145,0.0091277034908855,0.0,0.0,0.0,0.0,0.0,0.07785738734211783,0.15032037615156635,0.07011624438781199,0.004022746690104689,0.18620410371571378,0.10141170019609266,0.11675451393730084,0.0,0.03387035560966136,0.0,0.0,0.0,0.0,0.0,0.09166725243996007,0.0,0.07579282850036698,0.016688979437852944,0.35154240310442114,0.0,0.4175253312491462,0.08425111089764598,0.0,0.0,0.16188353933701405,0.5466033576211989,0.0,0.44925214772194505,0.6236349102732169,0.04306955075569932,0.013522575699373499,0.48067839060767575,0.5944352999926383,0.008129157670922173,0.004282739049420893,0.08270606238670757,0.0,0.07553905326971898,0.6810423824123456,0.09953520396115512,0.6979308979090012,0.0,0.0036922371270553707,0.7696165600949528,0.5244577556187064,0.6092097511865034,0.018174703950552387,0.12800083341672103,0.17401782648417333,0.08369198010024331,0.0,0.04431895310679478,0.6848583825241579,0.13425072141169977,0.0,0.0,0.19977883610592712,0.01898483283037312,0.0,0.0,0.10169932297190937,1.0,0.06692588631282254,0.19382341833635472,1.0,1.0,0.0,0.9784853988503768,0.9806023708131015
Branch1_Gene_1,0.0,0.0,0.11993215935790483,0.012094463734001705,0.05298164743625762,0.0,0.0,0.024935863810739294,0.13370312951456684,0.0,0.07361111109173181,0.10390355531184386,0.1018140058784262,0.04348606928776472,0.0025711030389409697,0.0,0.0,0.013725192272442038,0.01146331825292858,0.0,0.09861299379815902,0.0,0.062269553779393895,0.0,0.0,0.051523636078095396,0.13420464319512945,0.07738666987416501,0.12308193434070953,0.0,0.03345833349886542,0.0,0.0,0.05208175509437844,0.23551425275979732,0.0,0.030558453905374178,0.1523414509161689,0.0,0.0,0.07781753686748595,0.03560649352615877,0.06175304453818725,0.0,0.0,0.0070392287679824014,0.0,0.3740673409550972,0.0,0.27822907732294117,0.026576120574900292,0.12860080505381177,0.0,0.0,0.0,0.0,0.3372232175554579,0.0,0.46794827450185283,0.46365472836327365,0.18315542592460213,0.02166631108554362,0.4686835556001826,0.6072693850052554,0.07425388796726044,0.0,0.037995402375022476,0.038750815434015054,0.0,0.6829834357871049,0.0,0.5491649597927228,0.011987664197592406,0.12408668052782852,0.8403791270688511,0.5313708892165777,0.6519174356917357,0.0,0.001222561506862675,0.011451017209802945,0.0,0.1714073951347837,0.0,0.8186685285800973,0.08924628270197757,0.309542624821676,0.0,0.06917932797227454,0.033541569102486575,0.0,0.0,0.059830596048748325,0.8372639671281178,0.0,0.048075004496320156,0.7114287443448705,0.8663171815420183,0.0,0.9503453761048059,0.9077644678574737
Branch1_Gene_2,0.0,0.00897047830549024,0.0,0.0,0.04749178151348618,0.0,0.0,0.0,0.0,0.0,0.0,0.10412653110763635,0.0,0.0,0.09100359981981998,0.05315273116246636,0.06900473780540321,0.12108032946384398,0.01913848632912593,0.007373132360208673,0.0,0.0356372947603507,0.05233417824047322,0.0027693594503510827,0.0,0.0577634966085801,0.029094309928651637,0.10878134777364282,0.02343874201258923,0.04192449544397575,0.11227271527845184,0.0,0.0,0.22903951126057126,0.06739427659625212,0.01177740805287825,0.029315351773361767,0.0,0.04379068798270958,0.0,0.02537016153711368,0.07810182669412473,0.04950658977552254,0.004024006395379023,0.0,0.0,0.16545988612992385,0.1731013215463806,0.10908164947581898,0.2672003732172011,0.031516512356947426,0.31737273455123083,0.0,0.02047326320109573,0.003138883580884028,0.0,0.5110280442377924,0.04688138343508744,0.6023359274607538,0.2565835113559488,0.15968930065106018,0.0,0.5710119519669259,0.3707620444424339,0.0,0.051000129541161524,0.0705672942248639,0.0,0.055147755770826014,0.575850985031557,0.0,0.7078205200380561,0.03156240002952981,0.10083089662159106,0.7607603568123045,0.7545356062783397,0.6904111528502873,0.0,0.0,0.0847688267619682,0.11671066130896497,0.0,0.0,0.6871214918647339,0.013389487795275571,0.02310820294419416,0.0,0.0,0.0,0.18451124761976712,0.10759777570247296,0.0,1.0,0.0,0.0,0.7434271638241503,0.7716398523883524,0.10155679342479776,0.8791450739771627,0.9739692694197024
Branch1_Gene_3,0.09618005497184201,0.035743401251165485,0.0,0.0,0.0,0.0015861571808634565,0.0,0.13120219158903423,0.0,0.07265485356340584,0.0,0.0,0.028335142781676193,0.17390707585763315,0.04342599912621202,0.13891305187299804,0.0,0.0,0.18669252199841646,0.0,0.0,0.023104765453762135,0.0,0.0,0.012367765676460751,0.0,0.0,0.0,0.0,0.0,0.06889145213430997,0.06418590823638866,0.0,0.0,0.0,0.0,0.144459973718202,0.12724899339126775,0.12074319600012524,0.0,0.012294433135418746,0.0,0.13833585111964128,0.2204119148091667,0.0,0.09707205503689077,0.0,0.2001860621226067,0.05510476610630344,0.11437788436713667,0.2965582888408969,0.4678724385465165,0.08893555730462988,0.0,0.09371731026562442,0.09160883892656839,0.35966567862151594,0.06664392450187494,0.43020330367856824,0.510790675317546,0.0,0.0,0.4523132962655438,0.2781102437754771,0.028238314577398022,0.0,0.0,0.015043782495437773,0.012603736967117238,0.6915937270343469,0.0,0.691030280107445,0.0,0.006909087476496496,0.6375183576823361,0.6426341976450205,0.7028758266475934,0.04393976814523721,0.09691219562492531,0.07134869450605215,0.0,0.0,0.0,0.7722447616190267,0.03595852986856725,0.09454180426581373,0.0,0.10959068482803117,0.0,0.0245739989023772,0.08192175332269971,0.0,0.8429479473349384,0.0,0.0,0.9879831619878818,0.9127966691610595,0.04004212040945898,1.0,0.9595002528125784
Branch2_Gene_0,0.17628497145389432,0.07610053902371784,0.057827399477014055,0.017899160448827413,0.0,0.024287828731862634,0.0,0.0,0.0,0.040523880182603444,0.07606342437667285,0.04831422327095643,0.002366174221236751,0.0,0.2236769925925052,0.0,0.0,0.0,0.0,0.0,0.06551964235587392,0.0,0.0,0.0,0.01089635997689159,0.039964380360073805,0.1407810416042333,0.0,0.050987066121805896,0.0,0.0006697480567508796,0.1356267891812953,0.017524266638011942,0.02680277490540707,0.15322125855517776,0.08013657859159357,0.0,0.16647419998106622,0.0,0.17658067924195042,0.2715918880557558,0.0961058931940662,0.4230740638580387,0.03625651743973191,0.0,0.0,0.0,0.0,0.05606917353808316,0.0,0.06597040194656761,0.1336582508117697,0.35741682861931534,0.02005684871064406,0.45500866019554337,0.43183122355164316,0.0,0.39210583626385376,0.0,0.0,0.07757048752848468,0.5863918056737583,0.0,0.0,0.5519726729386775,0.010174741617003512,0.0,0.016612812510031424,0.0,0.0,0.08213539101169848,0.0,0.5784511696861073,0.14091775177491664,0.00873612690762076,0.0,0.1079732646117938,0.5325928750182589,0.010457667365086638,0.0,0.7256850778725569,0.01565695421763841,0.206943005699875,0.0169294097004283,0.07490432443845192,0.9340159330740578,0.0,0.09997648920238998,0.0,0.0,0.8889258783031432,0.0,0.0,0.8709358164644946,0.0,0.11710273833622398,0.10230070477638838,0.9803681587573121,0.07074167343061849,0.1122187994516533
Branch2_Gene_1,0.25582067619720766,0.0,0.13418611808054356,0.0,0.0,0.15396387883374082,0.0223374681089096,0.20918986566251793,0.0,0.0860191990032942,0.08361533382695614,0.0,0.030180704189103597,0.0,0.012871652690019567,0.0,0.0,0.0,0.08970943344660272,0.09938516035620737,0.0,0.0,0.006215152938045637,0.0,0.17915611288670058,0.08142015275499898,0.0,0.05858445024038831,0.0,0.15835999253277544,0.03440580945090324,0.011124183715601144,0.0,0.0,0.008188030854943035,0.14604944829631586,0.05077684613555841,0.0,0.0,0.007684832149990994,0.10622973894337018,0.0,0.31889549637392184,0.0,0.03702787989387167,0.1161457487114983,0.019152511909139795,0.09221769955590778,0.0,0.0,0.0,0.0456412608549748,0.3534706415048978,0.11276655954793485,0.44790224050102895,0.4012956191129661,0.08403625766638315,0.31311053823617824,0.0,0.0939023147474457,0.16890585862935648,0.388985152939628,0.0,0.0,0.5178241643123055,0.0006501184981667148,0.0,0.0,0.0,0.0,0.08249262615311206,0.004238152985372212,0.6970035777125994,0.0,0.006513927579754102,0.0,0.08519272427369476,0.5826464303205908,0.0,0.0,0.7015416476166604,0.0680986796267143,0.0004920442490915876,0.02198105596124323,0.08558852076268957,0.686367663254728,0.026905459377121174,0.09378523909614761,0.0,0.05966406990193845,0.7944925204016434,0.0,0.0,0.9899708600360555,0.0,0.0,0.026203282953420316,1.0,0.0,0.0
Branch2_Gene_2,0.0,0.10325771424492594,0.0888796629440525,0.0342450150456969,0.0,0.04273738358364496,0.0,0.0,0.0,0.270705175660517,0.04691313266630867,0.0,0.10749264333419162,0.008905537994508076,0.0,0.0,0.0,0.0,0.0,0.0,0.01267264166992132,0.0846394951042426,0.0,0.009190012235017942,0.09360998189781532,0.0883399348933452,0.0,0.0,0.0,0.0,0.0,0.16133739840472322,0.0,0.0,0.022087708060744154,0.10468577964419917,0.0,0.04612239652041075,0.06981608070920947,0.14719833966810425,0.03722360123493563,0.0018291735261824573,0.11328859213712168,0.1521324966629828,0.0,0.0,0.0,0.0,0.0,0.0,0.029050293247897874,0.0,0.4371062867580864,0.029515201807104964,0.4780587198880054,0.30928430496762155,0.05641875334258448,0.4252461777573852,0.0234115596647324,0.0,0.0,0.6260718981218414,0.0,0.10978567767213901,0.5200422915103734,0.0,0.0,0.0,0.0,0.09080419667350607,0.07018460879328695,0.1582655000446067,0.7330149144423415,0.037362998702655685,0.0,0.04428705687410668,0.0,0.6284746122718067,0.09207868148959691,0.0,0.612591047250138,0.0,0.02629346183994842,0.01774425873306628,0.12396688318918775,0.6398763013243063,0.0,0.0,0.17346969721528258,0.12854972422163966,0.8202147699045229,0.0,0.19881545777876303,1.0,0.017541823170613587,0.05930510731576863,0.0,0.9653788944424788,0.0,0.0
Branch2_Gene_3,0.0,0.017618250568785635,0.0030547783692749936,0.0,0.0,0.0362607939958,0.0,0.10560548737433456,0.13494923613624776,0.0,0.1038320454114246,0.03661292276685832,0.15247273874432576,0.10735811434977019,0.0,0.0,0.03857219488606157,0.013555472367711655,0.0,0.21305148572547075,0.06995343416421713,0.0,0.08347745413644331,0.0,0.02590589153900942,0.1565848776845616,0.0,0.0,0.11384881134607777,0.0,0.0,0.13570114627388574,0.005469900601791092,0.0,0.0,0.04517281493484354,0.0,0.0,0.20047018685879192,0.2743238278722395,0.0,0.0,0.0,0.15172174523483867,0.18503826355857658,0.03330766239002766,0.0,0.0,0.18168443873173531,0.0095294086003882,0.05867361142447563,0.09003829513362317,0.24581155886321587,0.0,0.39710274955036073,0.5127310100034946,0.04068615581462938,0.3550019051621304,0.0,0.0,0.09701429078809191,0.5208407117952065,0.0,0.0,0.4528578119897531,0.048584093988815996,0.1086669822355642,0.20831400755798143,0.0,0.06902207098535053,0.17376870824425844,0.0,0.4705179019928532,0.0,0.05378076991249332,0.22349627063980446,0.0,0.6309718756452912,0.0,0.006278037735720377,0.8142099004428509,0.0,0.0,0.0,0.0,0.7543508718974863,0.0,0.0040487880503252555,0.0,0.0,0.9971295225843474,0.0,0.027448684640871964,0.8134624978175197,0.0,0.0,0.017122149111878482,0.986433656100188,0.0,0.0
Late_Gene_0,0.044293465723736006,0.048393506365973865,0.0,0.0,0.019285945629553596,0.0034282464551636375,0.02049965544237931,0.0066642540683582,0.0,0.19059488972297262,0.0,0.0,0.0,0.0,0.061489772829159794,0.0,0.0,0.0,0.0,0.18697247426403882,0.0,0.0,0.1085641490614667,0.0,0.0,0.0,0.0,0.019664131151527972,0.03228514484156705,0.0,0.12226793979690584,0.03446976057903846,0.0,0.11399310313115849,0.002031407224836773,0.2068894421873957,0.0,0.019750793427258218,0.08177487791891179,0.23056632830488272,0.24136267838654307,0.09627076415048409,0.1483195712548405,0.18659920382219836,0.26420135949546836,0.19239320437029964,0.17782891027023529,0.22602091905919194,0.3508151672126785,0.44448223915317575,0.15855790716757115,0.3342318479242773,0.5743275467101923,0.1358872558616691,0.30532111284883556,0.5007490423271708,0.5089493890704511,0.34439921330028744,0.5519535919466327,0.4927322806754948,0.5223820174327883,0.5512721837164868,0.4761427449968001,0.3317698248529662,0.5560054267750576,0.5574848392054871,0.6143791846861305,0.5020424075605217,0.540012640997126,0.5673515944498316,0.5528107227812206,0.7897409482561986,0.661402533161967,0.6200185322977574,0.5003133774130395,0.8286105789852349,0.7850336201687697,0.6271033800406477,0.7640423489012389,0.7517232876427334,0.7313160449008151,0.6553069773845592,0.6208005026938098,0.7000959961079942,0.8307624363099585,0.8655686561988624,0.7379574828932816,0.8097456393826125,0.9000504937031221,0.8550798589534985,0.9134048586389993,0.8015486664452396,1.0,0.9501673238597347,0.9898628460828406,0.921202761224474,1.0,0.9979327710662796,0.9633679363985912,0.9474542936527737
Late_Gene_1,0.0,0.057557175309868994,0.0989747537614946,0.0,0.0,0.0,0.0,0.0,0.04642993551922416,0.0,0.0,0.11827211888670085,0.05572667765093682,0.0,0.0,0.0,0.08954825630985344,0.12663630332305678,0.07800635561454743,0.0,0.0,0.3301976274930304,0.0,0.0,0.11569526936558897,0.0,0.0,0.04023152741200642,0.10806207108415931,0.008217683902138641,0.0,0.0,0.09064124109894932,0.006603933604899331,0.0,0.12155949181782771,0.012556836867498228,0.168561687681314,0.1549740430506362,0.0,0.1510632574510854,0.14509336391719513,0.20000542433237328,0.0,0.14469628675931479,0.10747845060139061,0.12482656004767953,0.33834235743897895,0.19145232091078207,0.315513383814259,0.19130914126390636,0.43279954745626587,0.33286052711645114,0.4210185191060521,0.5299463725106411,0.41119886510966086,0.3759257737442585,0.5138399959015402,0.5077645561402002,0.4814990350324543,0.5326494792072498,0.6236009410983097,0.5260892607128999,0.42631094652348456,0.4370494648182362,0.529335332330402,0.6022738148808129,0.33761787936654497,0.58916913975424,0.48676698138834334,0.4252157375405399,0.45772313624218663,0.648578985411915,0.7449404717220605,0.5858671354985274,0.6090907538235308,0.5916329720363963,0.6750212880710197,0.5927987310876703,0.7537976406815265,0.7312562913996256,0.8511932999567701,0.8072103919834431,0.7989839337512162,0.802973994545115,0.5549956764505728,0.5082471086851859,0.7376638869129261,0.8585573319694216,0.9515309451785198,0.8196792410426714,0.894544951221161,0.990274693040963,0.9188948208725177,1.0,0.9929201591281707,0.8322127415861362,1.0,0.9049633678972968,1.0
Late_Gene_2,0.0,0.07747506611599272,0.0,0.19218619596359857,0.0,0.0,0.0,0.09592068283222051,0.0,0.0,0.05941356382962291,0.0,0.04668676507473951,0.042056672684759974,0.0,0.0,0.06199745715737048,0.09261079560600784,0.2103861600421153,0.0,0.0,0.0,0.06776821171252044,0.03345597470398186,0.0,0.07417948599178062,0.0,0.10708282379412981,0.12635981913388497,0.13162933271539518,0.09288239143958274,0.12719982431968674,0.0,0.04196894364932759,0.23021650697913004,0.03372873275773687,0.1897671873972365,0.24795440833205526,0.31682845207705884,0.2112297930334937,0.1654005667656056,0.14629469279046955,0.205032101117079,0.3625265844657123,0.2810166477027118,0.19835610517604152,0.04248584033755501,0.0779313030980463,0.11463456332091235,0.09428110946594243,0.4024707748099156,0.43818689845522396,0.31793172406679016,0.4626037149580543,0.47253873793289114,0.5470164540262401,0.5981649764492737,0.47449010622270715,0.4454722940241142,0.3894482440172524,0.5142292591875737,0.2796629800880243,0.3788531069560057,0.664431022757775,0.46695204979638044,0.5207455731635067,0.565961493791891,0.6370757343639031,0.381089056202069,0.3910430267809992,0.4775412980321515,0.7614840713056115,0.6503601227779721,0.5751518495205655,0.5224420938820776,0.7366540683668472,0.5730012947572115,0.6609945782891081,0.7549471065591616,0.6984505316849311,0.5434696959644538,0.7909799937971037,0.7690168853436476,0.6082068446269338,0.618414598097538,0.8444126009351329,0.8474033220499081,1.0,1.0,0.9001173310478167,1.0,0.8989363744044573,0.8840593787762906,0.9940778664307626,0.823199732770412,1.0,1.0,0.993324819809932,1.0,1.0
Late_Gene_3,0.002171964173140015,0.013719686524586728,0.0,0.18521335213011034,0.009039310871620463,0.0,0.09315160935506567,0.0,0.0,0.007145305446125648,0.0,0.0,0.06959148138340161,0.0,0.0,0.0283324294201904,0.0,0.0,0.0,0.0,0.0,0.06775866227296205,0.0,0.0,0.015755119208028502,0.10450698534995824,0.0,0.000720497357276988,0.0,0.08163854167645472,0.051996621191275884,0.12149374930872375,0.04802826961384564,0.1957037042231255,0.20770401556921436,0.018235870587097858,0.0649723330715991,0.1671746009670004,0.1512158145590339,0.1521326593377829,0.21761070610835329,0.23835192519803902,0.3496134583435332,0.08533027398240212,0.4439574049695235,0.20678122633658225,0.23603139716158156,0.23528274574292302,0.22647790489102146,0.23531883202959528,0.3820028104164925,0.38073270195362974,0.3743763310548307,0.23488538937892894,0.4415040349547078,0.48176004986980236,0.3612934490237997,0.3829419416744974,0.5717072757850616,0.5119876615837656,0.5214770219087779,0.4442353296261664,0.23934534179395178,0.4882683164349315,0.4098676803140215,0.636275770858226,0.5093964550874219,0.628801649294917,0.6473013426878119,0.8027531646028663,0.584508621612143,0.6784382742267889,0.77350775703323,0.5755641658420971,0.5555977639110278,0.7996916480302801,0.5504839544943415,0.6517586705963948,0.7295015693963481,0.8808835203947117,0.6983221667900162,0.6752734598858534,0.8840031471067442,0.8334684585460669,0.7465918953764943,0.8228144397798056,0.9728487566782911,0.5337053490375554,0.9131307850152737,0.7452260188064439,0.946117479657474,0.8946962118210939,0.987029828980552,0.9014311747601642,0.9120857723328115,0.8940746085033578,0.9205246238365055,1.0,1.0,0.9240126699711133
Late_Gene_4,0.009750923487234829,0.1407535845722119,0.0,0.029815634062766355,0.016294563708595212,0.01788459365581098,0.0,0.0011645013994314192,0.0,0.0,0.0929229884095287,0.08635587707570747,0.0,0.00020462690954056728,0.021926902466564313,0.03186965959869287,0.0,0.10661491090417739,0.032299356175599724,0.11189554461784,0.03203904578028264,0.04425233967076551,0.2730990122098574,0.0,0.0,0.0,0.006142673746595705,0.0,0.0,0.0,0.040770218639790134,0.003031287139246365,0.001977158098657353,0.0,0.18494452536897485,0.18165512375116777,0.1947130604693729,0.08776475898368319,0.1740374787429692,0.2764471234357382,0.1100097096287229,0.18738277003813936,0.31106689633333534,0.35511176207394357,0.11969712028563745,0.056717044473144074,0.3004082643849499,0.4175160457795801,0.2880934112355107,0.1333153613523287,0.18796483128419555,0.3654842292863942,0.36316914109759546,0.4334534324501931,0.3582705277305402,0.2101228182853527,0.6500200913249992,0.31119637196404865,0.5756395982109365,0.3950957318246219,0.5348149418001175,0.4131062899224661,0.4392672591140778,0.42375563031694813,0.5792059057359497,0.5357907392169725,0.5781999056581627,0.5780906266961564,0.490296081793878,0.8103840209097393,0.5733013099892261,0.7065554006685644,0.7176659602134258,0.5626241563246847,0.4808154130932555,0.5196168575769959,0.7538719846060601,0.7174683384506582,0.683004864129998,0.610897708204321,0.8228459552671434,0.8236380077963696,0.8223869583693362,0.7351945457278339,0.705406426448083,0.7538870037500518,0.6955164035031103,0.7371361311851891,0.6739177563436298,0.9858338033861256,0.9417659034579497,0.900877131377948,0.9384032047200183,0.8883992932734525,0.9443206981713237,1.0,0.9750633912148838,0.9947316792524308,0.8270046240984293,0.8814074772393077
Late_Gene_5,0.08062436558359488,0.008742704645799753,0.0,0.0,0.12289649211159151,0.0,0.021399199042920116,0.0,0.0039378566720352165,0.0,0.0,0.0,0.0697109527182534,0.07769967920740108,0.04039613076153971,0.07117475146932699,0.10094765331441234,0.018697893025114206,0.005418167232052234,0.0,0.07893700765197255,0.04340941792308474,0.0,0.07902998019657914,0.0,0.10601512981052535,0.005281412526574862,0.0,0.0,0.012315037153042881,2.2311295938368114e-05,0.2012088311825328,0.3371594449377539,0.15110058718383307,0.05899525349583038,0.19196108702268788,0.22743073513139803,0.0,0.13264627533354256,0.039711688092404496,0.20243213702064286,0.06927821754644306,0.3168213016118624,0.39091067293471515,0.3025899734524131,0.2540445106858951,0.12374554499309995,0.1827223852196057,0.17570887050521955,0.1695322786852375,0.22151214616357814,0.4645052459676648,0.4818533820556739,0.2984615215101675,0.369534544522582,0.5361504050772788,0.44803450766296526,0.5322219495853477,0.4490682881340704,0.5755842772900875,0.6016267145108293,0.5319841590783222,0.6757920239482782,0.4923971976621393,0.4888877876251267,0.46438422914166,0.5700341173923172,0.5037353278833285,0.6671759310601971,0.5623900433381996,0.6552629086518129,0.6010658654240123,0.6534229232478559,0.8266190555185707,0.4057879088746827,0.5973187372384706,0.6346526681351026,0.5861355739204142,0.5150827340985717,0.6903774216692329,0.8760541088587153,0.8251690859349716,0.6495383098232579,0.8826017705409318,0.8236186462367814,0.626452714702055,0.8984501513654921,1.0,0.7931177507420004,0.8409460906339994,1.0,0.8100244056958938,0.8572453974500711,1.0,0.9765697267675738,1.0,0.9816039704073007,0.8486733847781553,0.9699401432691498,0.8784231080221729
Late_Gene_6,0.016041904762684352,0.0,0.10812955276757566,0.0,0.15298368613278868,0.0,0.01768804990707408,0.0,0.03182749526734783,0.0,0.04162880298980833,0.0338053050128549,0.02909751339332598,0.07233994357324124,0.0,0.0,0.005222440688866324,0.19512892606460272,0.0,0.0,0.0,0.1077117233728448,0.0,0.0,0.0,0.0,0.0,0.08841426986578022,0.07476061779017472,0.019782191327663956,0.041195487265150085,0.027979348305058195,0.035068729746310236,0.07091532488232129,0.13232645957165226,0.07693635084899225,0.11150276545494114,0.11022279369162537,0.0,0.07731521247946288,0.07154311043983119,0.2861709035666819,0.2699567782676571,0.12870026205766696,0.04495322534455992,0.1720026149927631,0.35197350718669007,0.10156825134881894,0.292672542839437,0.1407521015289114,0.3619430935096403,0.4639112998333859,0.2756819567733713,0.46778354296455293,0.38209702420083186,0.42058014552156964,0.40519398824778474,0.5231695369348959,0.4943347938572069,0.3947912497526478,0.4864306546612207,0.39891709433290146,0.5573466905539811,0.4491171674234975,0.5067831588639995,0.5771203563994125,0.6276744877942525,0.6142647172698754,0.4707200820462709,0.4799185979902247,0.510099530823869,0.556976835962157,0.7654726624089059,0.7482172566316913,0.7149473074363418,0.7169048511985228,0.6018222963220008,0.6939565249049751,0.7039963934983282,0.6948739340225849,0.6292635837129308,0.7718111847888782,0.9669802836661359,0.9085764573202562,0.8183722891788956,0.6412485207785532,0.7066794039535724,0.7775425470241436,0.9448612267731848,0.7166844531763691,0.8634127542139388,1.0,0.7447132318621789,1.0,0.8581113433668229,1.0,0.9599854827842017,1.0,1.0,0.9030209188624265
Late_Gene_7,0.0,0.0,0.0,0.24875152781427357,0.0448607929156959,0.06838201305834844,0.0725209002356834,0.17457129451313563,0.13965960163127794,0.0,0.0,0.01659179169319672,0.03562988096063107,0.0,0.022573124342046287,0.0038101801385543206,0.0,0.0,0.11196590473747084,0.0,0.00983965888727344,0.0,0.0,0.02830863421563533,0.0,0.0,0.0,0.0,0.0,0.08889831512001542,0.0,0.19061000007267687,0.20232278742789434,0.07461963728645396,0.0,0.35185905228283393,0.0,0.27900318541749564,0.09949088868609551,0.17280245596977972,0.2622031155964621,0.26229251675678783,0.17666035852313516,0.36102068483524297,0.1833002067961384,0.129095200109685,0.1242513775042525,0.2950234016682649,0.11162354498078836,0.23258904561479482,0.3179057711309331,0.46173980465514775,0.4214576094554255,0.5607818977579583,0.4371084116380909,0.27504437226210954,0.49102636634393726,0.4036924909374558,0.4092239300583966,0.6626296278974038,0.35971365716874926,0.5636123200059918,0.5498595561672176,0.5147305172218974,0.5773627532323351,0.5303351068882561,0.5755747033066797,0.6359136563693393,0.4641420543901599,0.9041083224764497,0.5697357840935786,0.7179220221065148,0.6548778882991103,0.86844444861763,0.5938998010288148,0.7559119881983913,0.7787795775846702,0.582226044863247,0.6113207023105937,0.6310539223929444,0.7370571842719257,0.7417507271865663,0.8487989255869663,0.69910984024984,0.7003701932087194,0.7189540110625715,0.8032073951006131,0.6946992685251063,0.7466728059689446,0.9771227993992541,0.9462814356890679,1.0,0.9012989576502719,0.9534074320279134,1.0,0.9750616364151989,0.866819046105002,1.0,0.8117522357419716,1.0
Late_Gene_8,0.09835294660820984,0.0,0.0,0.0,0.0,0.1709329179307408,0.0,0.0,0.008104224613075464,0.1274334590297482,0.01899714394764845,0.21642908718441825,0.0,0.1823671259714245,0.06093826479608362,0.0050956941307814365,0.12083629161268315,0.0,0.08273359841854777,0.13246859000392636,0.0,0.07794709929115658,0.09586793244778771,0.0,0.0,0.0,0.0,0.07777853862858608,0.0,0.0,0.041294520964928555,0.0,0.06669516415148807,0.0,0.12645024017193135,0.1569544267903385,0.20928390595980495,0.0,0.15233913551165268,0.07304502117629066,0.2966237249164389,0.25125841769875856,0.10046803695705725,0.2696134915101829,0.5183849438878767,0.2037588751814585,0.2740321856031236,0.15928590375790447,0.18782990140386147,0.19040781897063286,0.257846046071768,0.48195607702898874,0.47709224323149657,0.3462059321150475,0.569000939411151,0.29528257424142623,0.36653110536826133,0.43680723246428776,0.6070208174422969,0.49973684512526667,0.3693051939354175,0.5005404636160838,0.42970628703758285,0.624205828417512,0.3367289290523263,0.6999133456235471,0.5356633539388045,0.4957377005219453,0.6053121268912794,0.5239348952407521,0.6036714647820508,0.7530106336626713,0.5189153223360041,0.5337350721453417,0.6415004636259627,0.4213276591737566,0.8716984870358842,0.6317117293355395,0.7374931474186167,0.7359341519631407,1.0,0.7591671943294966,0.6632847503399006,0.6697609341257057,0.9039965837240618,0.7138743798524125,0.7149233240555191,0.7239854365854866,0.6988917098754082,0.9141389854172777,0.9436282702161611,0.9234692865020069,0.9101241597605959,0.8798594449919421,0.7809380938769307,0.956598084894903,0.9834353270636204,0.9841011270324314,1.0,1.0
Late_Gene_9,0.0,0.02640704069365666,0.0,0.01726026859030068,0.0,0.0,0.0004460652444812261,0.002960902154132775,0.0027284985176442285,0.0,0.03303375635792073,0.0,0.0,0.0,0.12539340055259232,0.0,0.0,0.13541550401699462,0.027367666760368878,0.09402686624407544,0.051612723208906135,0.0,0.03438020203057867,0.0,0.15009590717160926,0.0,0.019126010738475547,0.036633692728737094,0.17924571195649588,0.0,0.1884158090693424,0.19889235192979182,0.11701698857344968,0.08207089837289783,0.05812036087324553,0.02952510224275412,0.07922490156641909,0.12042541694658458,0.18249314974416295,0.25321472566666187,0.23640381973571759,0.2746832244491194,0.30448663898745676,0.30520362297030845,0.5407997202908162,0.3248611585289112,0.0,0.36710381197500386,0.14828783262352113,0.30465810884158157,0.21690032388949881,0.3874291244057424,0.35019480333242664,0.3305564313777338,0.5594285974749279,0.5689443621749938,0.1959865619563031,0.6270053659169202,0.621857011508023,0.43196527921771044,0.5055934992933759,0.47582681558809947,0.739432701518822,0.5063388982440923,0.5851888244129623,0.5202939558684102,0.6052602927727417,0.3789394732140021,0.587260645190884,0.7042068820673529,0.6128637731447613,0.6472459058925375,0.6388977516017581,0.5623219475087258,0.5466881750792695,0.8068746628552235,0.43355182779788914,0.5017164158469943,0.8738408863484499,0.5272382767767225,0.6862237084602908,0.8118118957178693,0.7679710406655967,0.7467047269795832,0.8534570030801376,0.8014266162406612,0.7970594716470434,0.8133864815184424,0.8531652884080477,0.7496711667350693,0.7059591548185501,0.9822795091507858,0.9140900323666384,1.0,0.9095472518517942,0.969608580149709,0.913428795754228,0.9679687126554599,0.850476961593422,0.9300064803583399
Late_Gene_10,0.009879662278417325,0.0,0.014625469468756794,0.0,0.0,0.0,0.0,0.03926339545625629,0.1817751078791528,0.0,0.0,0.19134315762862888,0.03658042846489957,0.0,0.1550266461349467,0.0,0.008588923502059467,0.02394921551148101,0.0,0.0,0.004445664524350153,0.0,0.15536142588850826,0.01948466869227171,0.0,0.06583372761659673,0.0,0.12657228722100697,0.13117795406496421,0.0,0.0,0.0,0.06190137988939558,0.1063829529258723,0.029679284766436068,0.2153858466478787,0.0,0.2587343266931986,0.08365082118012204,0.05583434629264779,0.06803987199713621,0.37006138988535275,0.0,0.35278175806578116,0.33781078136989523,0.29951028593419793,0.30215372846329663,0.12057372782773548,0.2618307791260283,0.2490077118669627,0.2665672911694644,0.3310205864182272,0.43862094846626964,0.2784182523172727,0.5019760000614479,0.611041990613456,0.4677354307482239,0.5311701915663329,0.46164901855521395,0.4283944075386742,0.5541866119483904,0.5602775941309295,0.5113449542649166,0.26992347655315563,0.46077942447461195,0.49988702040440736,0.5371082039885584,0.5109679949277487,0.7640674780404895,0.7138159890218823,0.5664798979862602,0.7404558495291597,0.7002382975776189,0.8121852905854521,0.7924004137106988,0.5568362378478808,0.6166322484951645,0.6078867687655631,0.7413991767033541,0.790068010439899,0.6075805669010503,0.8727733715231963,0.7792997614988844,0.6202924178673348,0.8136829084751999,0.8272698811721211,0.6319494192961727,0.8401311898457972,0.9989317785177709,0.7604345843114853,1.0,0.8236900487923949,0.8342604734168249,0.8275183707437042,0.9925520433097391,0.8061425229511313,1.0,1.0,0.9854930106993076,1.0
Late_Gene_11,0.0,0.0,0.03870514400168437,0.0,0.0,0.14088418097499852,0.10105763566781785,0.0,0.0,0.18987284252561332,0.0,0.0,0.21171241763963558,0.0,0.014333832995281398,0.13656214020295906,0.0,0.07032920014191041,0.02194264860427681,0.006200155544282508,0.0,0.0,0.0,0.0,0.0,0.02088509690817083,0.0,0.07959670582502554,0.08074614431417096,0.0,0.132199857493425,0.0,0.2024099924825722,0.014000515136219818,0.011364845397720258,0.09470346503152133,0.14761272006855222,0.15704166256941662,0.06693108688096118,0.1990062035426916,0.30361134035700565,0.16436009326201528,0.0,0.1542275011673409,0.26331027414301755,0.2734442549355942,0.30275408524629543,0.14617102458004227,0.08112245239255744,0.4131375692468464,0.2683053428025809,0.2950585176483665,0.4332790832984699,0.504338674711391,0.5373718236452765,0.5547077200801507,0.5330526762037361,0.5844445148120182,0.5130192718336378,0.6825626603653714,0.615257945423658,0.42975511197690364,0.4486749864363633,0.4646509055257747,0.42058072858962264,0.637918153222737,0.6818666613246478,0.5255204281497621,0.6136401308610776,0.7098469416578879,0.6965272773878494,0.6394803494806847,0.6439587324482097,0.42371358342571064,0.5782879344547059,0.4661172236988318,0.9265674757729261,0.5143816501116315,0.7456783900106511,0.6793370341765772,0.8364901066282227,0.7634544085165953,0.7208704205631112,0.639002244563914,0.9110504761948294,0.6741026406725595,0.6641670114751234,0.7084629700119325,0.9311145517588656,0.9880810156916573,0.762352861557354,1.0,0.9522114736163964,0.7639406131920684,0.8417683962198736,1.0,1.0,1.0,1.0,1.0
Random_Gene_36,0.3985195419148613,0.5304023491895877,0.6491110010499201,0.587820900197189,0.5601911424984226,0.5149944206026381,0.5831061753650336,0.4325865803665428,0.6179878997386966,0.6773891278666332,0.4848046665874965,0.4955637807182575,0.552308355821989,0.6102251531264085,0.3906640494413049,0.7144753941412483,0.41254467960044927,0.4180049183396458,0.4357615813772385,0.5645818449382318,0.4197322119841595,0.5384954375799376,0.575019122690454,0.44570795122480394,0.4386086212999099,0.48089435194843255,0.4963066098453896,0.6665668001004401,0.4469601376775464,0.44600634870321587,0.5181630227341197,0.3659096887083998,0.572052942576821,0.6451120138246255,0.41442711485592804,0.5889000531342248,0.5065564027469085,0.48408837149626205,0.5061088625878596,0.5924842441028477,0.5440814702711193,0.4162755346801839,0.47124486892528966,0.45117957064064307,0.44320205621961134,0.6202582405482323,0.6746486754943449,0.4484851044341057,0.5383787799079214,0.4731696211608112,0.3181172388270558,0.38002849511956194,0.5576572845333029,0.5516197742350725,0.4777690648292298,0.4167863242962626,0.5714079368015786,0.6047993176437871,0.5918841083178243,0.5267305926438005,0.5762552669691869,0.4597225218355988,0.7013931556356716,0.37571527920379266,0.47357114471901257,0.6480005015884798,0.5914951329236191,0.6056251181077317,0.4604623114111821,0.43902400941069336,0.4956786002435653,0.5217213764093036,0.5209993595934698,0.6593627498817003,0.5190259420329161,0.5368716802733121,0.4376114117531505,0.7191088398541023,0.5396537820322841,0.5120905918353668,0.5776392599506521,0.5392551908292355,0.6805325896777771,0.48177847093148196,0.38988750245728676,0.4858402518252689,0.4081708669580906,0.32298721111141726,0.49412981997876,0.5049925388188745,0.4392623770554738,0.643849361573535,0.39187257314740626,0.3734435908614298,0.5590985529252331,0.4706740353259675,0.4676761071537512,0.35093255051090944,0.5733097069917042,0.5073890378765485
Random_Gene_37,0.3653575958929012,0.5134670775610859,0.37800233201180283,0.22361061363945273,0.6662225454541449,0.37447919466601387,0.25564827975573734,0.4292357718826996,0.5176192861773492,0.44677848522857144,0.5142354596209112,0.5711881626609137,0.4050583378548435,0.4317695668896221,0.4815245477613615,0.3778262858291435,0.5447034595872103,0.4041547586870881,0.6093233238001501,0.3637998445035635,0.3218340182560526,0.4939057678765725,0.3264080733813241,0.25382786497698506,0.5499204386008252,0.31104959703668644,0.46079072413551636,0.5042496824167363,0.6345169586666879,0.3499139739103383,0.5423790706233276,0.5962960660132799,0.6318354703122329,0.48705760781173757,0.4656060083722371,0.5868910912237342,0.49041934845331436,0.5541194067820981,0.5353636504535928,0.3292445138637866,0.49668653494927767,0.40687260892671234,0.49299983391108654,0.5703153113562092,0.5715972769127298,0.5419487141747641,0.5785594863512049,0.4577780433347529,0.4987077818288758,0.4809507207940588,0.5703886680062253,0.7079927340736604,0.32501531675188655,0.5484509418107011,0.7179259703268044,0.45917597951018696,0.4886308607584966,0.482441252810364,0.5126859149045601,0.4449445843366752,0.647521465894817,0.39185215195290574,0.5648362511413663,0.5286642217519557,0.4680485721309854,0.5194049751974774,0.4610289834001197,0.40653854813496015,0.6010069378620387,0.47483819560896695,0.412516159991103,0.5865442796025988,0.500680937245604,0.430197162047046,0.48042474692721404,0.3324355654988149,0.5914235807059566,0.7269671394127257,0.4924504392558484,0.5001358088286545,0.3226191030399357,0.5659860920602904,0.362705795835625,0.4768306042882845,0.45043515467256173,0.5888601536163846,0.4153499109409752,0.5028084996081534,0.5705204939836245,0.4303383084917233,0.4476520340021549,0.48718860369859807,0.7294952100099589,0.3447449792217253,0.41069390157808866,0.4510401441191924,0.41040902025851517,0.37736922965043207,0.5030999599316325,0.5589595202838477
Random_Gene_38,0.4657145118673741,0.3682254997925058,0.6321205347774062,0.38704201112181624,0.7151415852308737,0.6036293675765617,0.5331480012134641,0.3384814727980435,0.4773492766938994,0.5659457224478098,0.2620503155636309,0.5467680426819113,0.6078408322812054,0.4641879600962795,0.5309912778069882,0.3590912589390886,0.40811709939845187,0.5065645009284027,0.5938296530423612,0.5694565883325217,0.516699563649121,0.555017608617407,0.43396880689482864,0.38441900904310167,0.39642118731219006,0.4658994539699692,0.5895339918691263,0.4707381582422483,0.4802821865836299,0.44665785660197743,0.5400369276137423,0.48451707387999626,0.4656378445235656,0.5124374595503929,0.3720940386940213,0.5202350011230427,0.4698633207713226,0.624448834582442,0.4407414422630883,0.5917935947111878,0.5372579064063986,0.37568838572902014,0.43350949243516335,0.5590031323783582,0.5177988909488024,0.5302332470699809,0.45970810862034406,0.5613354124574013,0.40085598282818224,0.47003729141932393,0.5528268706003321,0.7198545157949396,0.528068320414804,0.6588278485829918,0.4432705860373396,0.5065354753504134,0.4515295802236625,0.41738546767440105,0.5701288517988152,0.5318464843405425,0.4927996393456772,0.47613833790410287,0.5584751424586106,0.6107444499498449,0.4449670162024434,0.5865598237222319,0.42943924744001555,0.4887500064045407,0.5219691035500866,0.5890520662056222,0.5111774395870395,0.4578113009292531,0.5275818666576204,0.4236620749773721,0.5356463498303026,0.5057053632891594,0.6241630803286502,0.37652098279534574,0.6597512137065384,0.5901933715869098,0.6409243691190327,0.4570398706261807,0.5506580009123719,0.4737062521763359,0.6382622770978608,0.3923690638259941,0.47722959122177366,0.5342230429680821,0.6249078385152484,0.45882614431232394,0.5397082155912075,0.3830053881253381,0.5689312345474357,0.6522070791302161,0.4065643639722867,0.41549025214059454,0.6054973088022139,0.4752539947636436,0.5095000011341551,0.5741030780222462
Random_Gene_39,0.43890021861588946,0.5845333091194355,0.5736816727193436,0.510310158764271,0.5253751911094879,0.5171009048696226,0.44680413320310974,0.6601583557842844,0.5894309212925561,0.42438648622703123,0.508638648726531,0.674051503117775,0.4024392039349254,0.4261977194641608,0.6119546463660297,0.425359865682936,0.550308232224157,0.577826170389737,0.5398124091169705,0.452441064157313,0.4527145523764912,0.38387006099882653,0.551581604340146,0.447619824495266,0.6398704519221445,0.5591923303555499,0.39903144518506917,0.30967821690897235,0.39003206367457544,0.4352307907646895,0.28698226237834,0.4334294276254317,0.5547221298505233,0.5359492257731603,0.3809176074949876,0.4782906507250302,0.4263066370963712,0.5411355264898391,0.35593379191034036,0.6180377229738829,0.5604551941480885,0.3388971520040872,0.5248259566763889,0.39019297412903553,0.5147730117776759,0.6740168476571994,0.4083999735694867,0.6469112353383716,0.467893212266615,0.6375545434650389,0.5124752941541463,0.6899824105839347,0.44830213175343797,0.4850201393076031,0.512821467293679,0.4644001907093544,0.418025501340477,0.3909386658920616,0.3057156133765076,0.45944149122524,0.5294613231651932,0.42778305153510915,0.4989456654347768,0.560979399937083,0.4520664064149763,0.41475919801041444,0.4636334379481814,0.5827657435944951,0.44405219175834204,0.21536314627678138,0.6438708294365483,0.4388278896926789,0.48377192499236343,0.4220395337244065,0.3503333477224959,0.5231994654041193,0.6125591607986391,0.6216451454672878,0.47824605856075875,0.2979218320738841,0.5337539132677103,0.6486197319815109,0.5578231527552812,0.5389472682666276,0.6384094161488412,0.4357249673754701,0.48911855490107375,0.5707682958272331,0.5069269938037864,0.4342690000806234,0.5857911198439201,0.33961479940272654,0.49764685973685047,0.3725118762243832,0.4220143883289408,0.5310370160912223,0.4977957789666358,0.5860562990725452,0.39820122750369613,0.47350571654252294
Random_Gene_40,0.49522262151533075,0.3888208829791838,0.5681221121843917,0.6541198163655642,0.5817210399918501,0.5653805500350741,0.4169811237057821,0.49593118604313946,0.5452674913702036,0.4181569765664725,0.5783885806064254,0.43983959051074606,0.4321989309621883,0.5764765141874505,0.3195236607124865,0.42372846744243126,0.23774640811876147,0.2971259912315046,0.35293544104834795,0.48686579609842295,0.31640131129799787,0.5343595802389145,0.5927771913645571,0.45048450026442555,0.45297967136249545,0.6377483137790193,0.45280509494994375,0.35524407036495703,0.5958119131488935,0.4886336267701704,0.3516110697899588,0.44384015669867954,0.2994455001906018,0.5589482759302683,0.4667036098368219,0.5691535198914794,0.3908343663598927,0.3377281914897279,0.5494994700957884,0.6037653290968399,0.30111622229946566,0.3356667346051059,0.40243535481267645,0.43309816754676017,0.3881167412493478,0.378239578011685,0.5037946001813005,0.4454476564703498,0.39476839633088545,0.5042653311675898,0.3947286921824722,0.509094170731384,0.5077424977605293,0.47204508269412104,0.1981670849684301,0.6723050088330917,0.6607891669467325,0.48474220493838693,0.6049855208299029,0.5964107710592661,0.43224104999483837,0.6250507220594721,0.5978330509941672,0.49948500225596176,0.36729775863046366,0.5026052586665215,0.6351226717284574,0.45708874543354583,0.6520462430173538,0.4411149382045005,0.3039131174497077,0.571833094565869,0.4612988248727279,0.5682472202964161,0.5423451987077618,0.39654411913708115,0.3106480068441926,0.5251556951217506,0.48099309810301877,0.6025442676776954,0.5882959110343219,0.49202489990725934,0.4307659393935156,0.4041909065590907,0.4383011687675828,0.4839413066515916,0.5372217788485509,0.4169306665725116,0.27980302303122395,0.500514151344037,0.3642117544267074,0.4756734296077422,0.5883375265100842,0.5092599697068766,0.5898633492686275,0.5769409299503003,0.6820032819288961,0.5399317981908393,0.44226176105945186,0.49631399957684896
Random_Gene_41,0.5392552230779775,0.5730739494457441,0.392556601417236,0.5004313214311545,0.433953452750142,0.7077529282364321,0.4816677786601966,0.524972230437448,0.51463170650674,0.48552210484987945,0.4143622524958951,0.6549828149473171,0.7196947336373438,0.522490754950193,0.6396047345515723,0.31992856821140925,0.37255860317365436,0.6813895656864069,0.44573365967044754,0.5535857699663995,0.6027994993623539,0.5108940881301879,0.4709802067919815,0.6758122187218294,0.556624521052838,0.5121605410064859,0.6222087846079689,0.450452416897676,0.27906518565270755,0.29925223844420085,0.3614569199493256,0.5172146883494279,0.5249615229581098,0.5524492043199065,0.4652036582396559,0.6637381681661081,0.3291801187388906,0.7390432453658552,0.44471328758263456,0.21990554322676054,0.53120839373373,0.35577154123078314,0.30137985931029365,0.4241725461149394,0.37772665076656253,0.5362094893905686,0.4436709613440249,0.47969790536072876,0.4209360526108977,0.46536012469888116,0.3653100348763663,0.4725785262664517,0.6320367902175965,0.5290973309186772,0.715359099759961,0.5609549997662268,0.3555783794429185,0.37051262451335915,0.45714852984356436,0.5705413573560024,0.3929533607635272,0.3752009500736331,0.4931921852103507,0.5384819109277059,0.6435121738249061,0.45436377284179524,0.5416165242242506,0.4727770800033593,0.46573913561756675,0.6321246495843656,0.5378977977296032,0.5775597793407219,0.4706638101491502,0.5553457882074098,0.6091987809986625,0.5899494606309272,0.542157532303257,0.4127396571369001,0.49030691229953116,0.5343839912980202,0.5191181195561457,0.5594676618929199,0.6442428172538218,0.5686524824180627,0.48613419111359474,0.6652631121635858,0.45052161538656765,0.5389098333539895,0.47795185704327914,0.6237092255282805,0.5028598673388306,0.6573532219386258,0.531233044360838,0.4748844087979049,0.5305957721831756,0.5180050806508675,0.3851638658192937,0.5447661594700912,0.3242520355604268,0.5340077303082688
Random_Gene_42,0.5939439680670464,0.42456445071116916,0.5940193521261334,0.5829277241853364,0.4916635656324455,0.6955813229214531,0.6331399056159294,0.6955266620684074,0.4469336556270724,0.5994847363978987,0.35334463134653105,0.4943385938008303,0.4424657489932624,0.46874875063155214,0.4204696254086936,0.4950650019684698,0.47526799259928926,0.4434758678534246,0.6022333484652026,0.46218033802863917,0.5896745536702335,0.5375409021631044,0.1876251791219501,0.28721917301861655,0.3177652820751935,0.44983406073386667,0.3866022468779066,0.5049528424581112,0.37763957800032977,0.5502097288674102,0.45331967544408347,0.613441275770477,0.5747243726926451,0.4799650659382799,0.620556248217682,0.48493065633269733,0.5446666113603557,0.38470380255550995,0.47002771129189447,0.656538787163347,0.5787570088452627,0.5278838034391459,0.5658303397100926,0.617411652429361,0.498032496239788,0.3423275660176146,0.4716755337136724,0.506887564936107,0.6575930814039903,0.48429957634200715,0.5296005154294551,0.5239681728841085,0.5781350432625911,0.539917181061653,0.5751379967006939,0.5063350610412066,0.6383177383844968,0.5566802474649608,0.39625952565964173,0.6140979951700746,0.3516461402305362,0.5594913846848659,0.4862340107791037,0.6409097166404257,0.407622046183443,0.5206809837287798,0.5342665534420104,0.5374425740830397,0.5792213344420277,0.5145347577125343,0.47602260167302574,0.510587819913401,0.4209949121386334,0.5353088010704585,0.6089673394732674,0.35027921541813495,0.4810558330082462,0.49361946904167575,0.39177480006480103,0.4960764168626761,0.7208118124456352,0.3217425178428146,0.44881723393621065,0.4705287947473878,0.531450531682504,0.5407845325372203,0.6024610826773082,0.6118311681360492,0.6026156097039163,0.5691007906649372,0.5635506417698843,0.33761282672044757,0.4339100247608215,0.555090483862551,0.6868287932599225,0.5454816082929999,0.5316857073707213,0.5417640013093384,0.5480878717944349,0.6371758624002966
Random_Gene_43,0.5056723534384518,0.32263086107697225,0.5850450338751466,0.43286274008115166,0.748977520508936,0.45023180695837484,0.605870925745194,0.41727246616102087,0.4500647612123703,0.6239983537709004,0.7013759709349057,0.514084257932428,0.5388039182735186,0.521965797651669,0.46737843785611316,0.4313736883644359,0.5053057671969202,0.5088460676042923,0.7135106400294247,0.6805163576899554,0.5171650739022625,0.4761901805919921,0.49661857866712517,0.7018377914575922,0.5694862081147066,0.4392678769063292,0.5039591716949493,0.4645135359176837,0.4974308913497,0.44673512587027986,0.4309955929328637,0.6433096243479874,0.3601870208335901,0.5309479440023783,0.555967319148635,0.48651865558758556,0.3925164860274002,0.4884288266556588,0.4250660324349598,0.5951787068423775,0.4553905818725169,0.30876810962873197,0.5628800858992392,0.546819469206455,0.37114380582191303,0.508488499489287,0.6285276340530296,0.49069888409246076,0.4883779463515763,0.5461787014997578,0.4591198436738846,0.7520524417822521,0.39321035435267593,0.4546765725633346,0.39195283117597757,0.3058811086058302,0.5605311884294878,0.6614453058317025,0.6106599556601952,0.5290750661851675,0.3521953909833062,0.5623231898836037,0.639371097898874,0.645517758334049,0.27129181181783085,0.45073898902100373,0.22008212634814778,0.3692021154488051,0.4561375338471531,0.4680661974392011,0.48681206365349683,0.43435509530622685,0.6024180175831121,0.5771783980754337,0.4863394348294937,0.547566800874699,0.5897675806777224,0.603530138168143,0.4561088208087646,0.5737146911774438,0.5980626689418638,0.5086403338445723,0.6063759890344342,0.5818357564261541,0.3912678119415446,0.5812904153847366,0.49165491554470636,0.44633984430338575,0.5800750362614284,0.4918261971592659,0.5201083954256048,0.42187004256006577,0.45750176954653377,0.4869293680391078,0.4719375394845497,0.3442896421359382,0.5749522515570407,0.4916147175686482,0.3711775971932335,0.39579544026377583
Random_Gene_44,0.48616856454185553,0.3048022028449784,0.5296095526154075,0.48557298179952635,0.5239104149836533,0.5414691190578852,0.5434608000429988,0.5866522995428773,0.5190007850622524,0.371317037696801,0.5117023934027326,0.4597618704707919,0.4133884188591889,0.47802855892809154,0.3083139821914527,0.4840607419236745,0.5287463751206545,0.49281355671959426,0.3216194520851978,0.40462273442862917,0.7286407534667166,0.5508030808317785,0.5145829871149756,0.6343725319237861,0.5529773893853166,0.5433559855505572,0.5560594840632469,0.6103932446282496,0.5580403747026536,0.5593165864934012,0.45887570125719074,0.29824524495592497,0.5228226633231966,0.5345647704897694,0.49558327605109237,0.39651559967352257,0.5527080436399204,0.49754372111160633,0.49912301740373644,0.6001433250145083,0.639768584815044,0.5100655328563692,0.31058450913771063,0.4244095784399603,0.5783987595037264,0.45347036555123343,0.4784361878819191,0.4519201489150235,0.3509809801636164,0.47379117900124423,0.4664490847613928,0.5534053540516726,0.5782981082827428,0.4286740670417253,0.5678154025636606,0.5227257080298374,0.645415731511996,0.39028347268568503,0.5781314550585098,0.6646422358827948,0.573227185217437,0.5408465733330587,0.3549124463349195,0.4964628861833697,0.46470527941984274,0.6011453622262684,0.6476305146694652,0.5501549427641049,0.4022503631368107,0.5616655848551162,0.4798852470641136,0.6732787345406265,0.38592729617681937,0.5319189834271832,0.42861810116656784,0.4835609885247944,0.41215178215288295,0.6413167073480176,0.4919977940074652,0.6006295705808499,0.4440272563861107,0.6006557685819043,0.3480615415991507,0.4961725094584065,0.4770789064358908,0.586091189554965,0.5208208284254818,0.3751076653882618,0.3166506471850463,0.524787502479847,0.6785918142593574,0.5761506811312713,0.5604596475693235,0.6490470442649384,0.4587356112644898,0.4384597704654226,0.5016123858984721,0.35454864313877377,0.3983045585683642,0.5203643072226806
Random_Gene_45,0.5177719333597411,0.4983108901172729,0.4570910749614362,0.5901886542276558,0.4038680886568268,0.8227980793266373,0.37983756386254,0.4221302030159486,0.5098990151036857,0.4179697143475998,0.5579512978190734,0.24274565420673389,0.5732356476552443,0.4614983057500944,0.5988540533924921,0.5988685475474166,0.6110594175970417,0.4330351156475207,0.7315902069843286,0.4550366528734414,0.4709454007456467,0.5282509745595403,0.5020128006670083,0.47792801657152145,0.4689128957761114,0.5158170978726511,0.46052797551591185,0.3715635246951059,0.3435122400068831,0.4238380775127875,0.5724537245928657,0.4140825623905603,0.507492349728574,0.5486018343805479,0.6201249376362801,0.4521147722157893,0.3841992336069746,0.4672322869938907,0.3112970725832953,0.38790150487467423,0.7093067715815082,0.47388654452897144,0.5996632513430746,0.5554429493632158,0.5580260924888829,0.3219915367497928,0.4289093674494695,0.769569044057044,0.6119502442224104,0.5299248465912713,0.42508000888898045,0.5114384114330035,0.6054931484960447,0.5346602311369882,0.5965052777383806,0.652400284460382,0.5083619395346696,0.5745497499001494,0.5473698691294235,0.4236795852514158,0.574758528347765,0.5178771595585573,0.5444515945832746,0.3898739923622647,0.7036941743987623,0.3904891391014073,0.5003362844582099,0.6561159026825328,0.5410030539831115,0.5829537677429442,0.5345968112231652,0.4978901735988346,0.6176383006027513,0.36667847543607224,0.5327771894454187,0.5383126414132061,0.3990754302830993,0.45425467596783087,0.5522874889104892,0.4519374116822249,0.44345215871313554,0.5608074439499394,0.4785255670423474,0.5451358404437194,0.3723298994424778,0.3822712923883441,0.5243252335324998,0.49201299857679054,0.6092329363448283,0.6314366161423244,0.39466637194900417,0.43848799005111294,0.5779793478348514,0.4994976448764268,0.7687767152177631,0.3788923854870711,0.43411060851746824,0.5254602481514117,0.34032006984451224,0.4041241761139513
Random_Gene_46,0.581981894525988,0.5312611878251161,0.5709098684782259,0.5940686639231451,0.48779123855057227,0.5323056442229375,0.3832199616906766,0.6147009664604217,0.5926792284572694,0.6646049980552964,0.32610078230697165,0.396654236136577,0.6496291397082191,0.6039862571902569,0.628081270663644,0.5910546123305288,0.40784369794415015,0.5112509001182437,0.602783286590141,0.4297573307758685,0.5591150938643448,0.5064744421294705,0.6472243652670631,0.4952518803981962,0.3838183512235801,0.2892492248914258,0.44744182830011764,0.4672295949932074,0.49120571740088687,0.4627954077954392,0.5942461235764253,0.5380344984505953,0.5010936389757212,0.4661436648589555,0.46332030065156127,0.4980466985452161,0.4306902535699906,0.3349571988595458,0.4801335936239901,0.43104229565759455,0.574277817136903,0.6472212621541995,0.4132155993121073,0.4924705630606219,0.5212543673661665,0.5108230914326319,0.5511767487747521,0.4602438179032318,0.541788322272535,0.7155089821788435,0.43327840256197186,0.542336386332678,0.48261294711951896,0.47999350870279284,0.5346327177388818,0.512376560908374,0.4900265753264784,0.5422230347415635,0.403250076468457,0.6868471041768401,0.548274870004139,0.47275738169861636,0.44225089090292663,0.5395573553914716,0.38477716389675803,0.48874076161043245,0.44932741779642554,0.6592615043816887,0.5474701153812542,0.5228792725934359,0.5341707194593426,0.44818834379071437,0.45459293066387596,0.5552063168563757,0.49165514613901096,0.5612866998177449,0.39456782766638,0.39542251345079327,0.5897129637616583,0.5763785521992372,0.5579388302008873,0.4566596026352579,0.5997147033236498,0.48069521652012986,0.39022937428248994,0.5235581135140285,0.5905043630526374,0.43913175060202886,0.35086160334122857,0.5274910860729667,0.65945087030967,0.40980590082602514,0.5875930045811217,0.44637755467782375,0.3930146017560012,0.5158926719297896,0.7636364126959905,0.3717355312921017,0.4333405089508707,0.362671350615144
Random_Gene_47,0.6624853310800612,0.5657190652874073,0.3385727277623124,0.497021226469491,0.568418766114698,0.5817403938680048,0.4935968790399649,0.4213737562709757,0.47435574770093103,0.29689418163341597,0.5131181622459031,0.7278644588542696,0.5854214374510375,0.63336164547482,0.45508337118739306,0.48912037299192923,0.5842967129041885,0.4206685793710148,0.4470792336240454,0.5288792133021943,0.5109843009151446,0.3942390518117986,0.6399800395625712,0.3951938843350823,0.4163104594938364,0.6438863835605403,0.49462990889684727,0.6142302934233135,0.5816913013497688,0.6541109342335519,0.5353225518752095,0.43785596442265473,0.5684029467656813,0.6372211187009851,0.4162008133941645,0.46024398369902475,0.4815286718309247,0.5357320602030702,0.4274091839730684,0.6820052997135001,0.5211432194594421,0.38216979802571166,0.815324382184692,0.519254050928112,0.40128087066109264,0.482172125083301,0.5296079368544379,0.46553035363064826,0.5629822950492728,0.5731003908435351,0.4810279964739367,0.5145874637159428,0.7194112641137705,0.523048257607914,0.4662942893993763,0.5763624129311303,0.48504616395666544,0.5480925078835036,0.28668177877965073,0.5616008034327638,0.4787922956390607,0.529086564117436,0.5796560857856661,0.6182904131980005,0.5319058676844632,0.4714279606199468,0.3212761987468108,0.41251926742794887,0.5072466525249416,0.5526501116123792,0.4455537739283145,0.7241003102381787,0.40479680840717697,0.6763304580919095,0.48140185977773203,0.6347016859603419,0.4988935521973849,0.5239143484914549,0.6247662957753606,0.42972353101751903,0.6986521875370891,0.6251519359876393,0.693834687640389,0.5777484621750464,0.40487497797733163,0.48314667722080623,0.550559130011733,0.49156052397030775,0.5398132915219302,0.6250545770341178,0.2950773026015636,0.5688184532161615,0.5397474694668355,0.8250951170484853,0.550585451004843,0.45476321518695023,0.44673228768297635,0.5991175033168203,0.5820137443212535,0.5254882613814877
Random_Gene_48,0.45180536942739574,0.58887676161364,0.70231130179206,0.6186585532194742,0.28437426716918485,0.6747676049575897,0.5982701163387728,0.5804897714342584,0.6149076603545329,0.4008667526179539,0.49079831187717193,0.5748660656569422,0.446017991498145,0.42304869353490776,0.34424434291410844,0.5963001562648221,0.5762645147700212,0.6155290815773931,0.48209454289824427,0.45774980287422046,0.5554401336365329,0.536197960121871,0.5415279990090531,0.5525217675341262,0.6055516883497097,0.5841195739559149,0.48448208881612403,0.5904691846445316,0.49704577327447197,0.46513094451498116,0.36340958552706243,0.5444945191548153,0.4539858655732452,0.592732201279452,0.449985118047736,0.5193705836736037,0.5713582897180539,0.4018178440244562,0.3561296018207999,0.5886716801245787,0.6073226583259483,0.553873203524488,0.4052606790612549,0.5507521459513942,0.654678763822244,0.5231183731135761,0.45496264451167234,0.5421719388249142,0.3790124475675351,0.3782688882085655,0.37265301006358537,0.6056793035530689,0.46182732711250263,0.40493499514804854,0.649492903844084,0.39740325485141614,0.6133764456919875,0.3590964902360815,0.6019193659971961,0.47517802671287507,0.6558188278069836,0.3628246898641896,0.552803523166175,0.4433504615869099,0.4077249371788796,0.34276076208469863,0.49269331611661227,0.3132130036892944,0.6057873780067269,0.615578295461683,0.5923464985023099,0.5070811818005794,0.6965932063253835,0.49796962168044284,0.5416556584872101,0.5336091464603503,0.5845566907883906,0.5101822865971498,0.6220206116547673,0.48503864609205244,0.47815561478603397,0.33698779309959037,0.594217377104414,0.38384289783212583,0.477930418862042,0.33275269294169124,0.6322993064575272,0.42556842275033413,0.2528832529910803,0.4631867338764436,0.5120589812359764,0.34731583123765,0.536978911977464,0.6668230040741233,0.48181630414018567,0.4276631519196117,0.619147528367338,0.4754421163657418,0.5418185944876848,0.5635292434101739
Random_Gene_49,0.5450953029292129,0.4649056355680598,0.48968238992799107,0.6433872664060217,0.4237396665618198,0.6165004530985656,0.5914701343297559,0.38202620246376107,0.35907743548055837,0.4624890885797872,0.43640564153050543,0.6570441912972167,0.4482400675180319,0.3995710426160308,0.5141356380701723,0.4735034707838598,0.47779794682110693,0.5584593169374603,0.7911238367542648,0.34778380531359876,0.4194911522491176,0.6851195106023537,0.656928058384561,0.4376567369963507,0.39343163376590806,0.6644584468382893,0.49237633330242275,0.59080895242531,0.47627934971714564,0.4133521975419331,0.43752522097964003,0.3491810077974916,0.592576119891219,0.6211607460009101,0.492779502825956,0.4706744805642658,0.6796757221341548,0.48587480960375307,0.4433438515069945,0.39976170055139254,0.6634501191989848,0.6208896396170961,0.4547936137096809,0.4924865318450108,0.5371110789202506,0.7407592493510939,0.3755904267522176,0.5386260450950987,0.45874136673090393,0.5826484357349937,0.3116918978663271,0.5677303593204643,0.5884587193433564,0.6956154446717758,0.6623173329871073,0.5139075727127649,0.4896692538510269,0.5656667922920958,0.5708455972300093,0.5108171548371663,0.44949888540576666,0.6911256183508874,0.5321245155534823,0.3101158439679017,0.6130903700892587,0.4593837222631917,0.463977934778603,0.5948196224905298,0.5617802481467271,0.5099566517023796,0.5509329245917353,0.5991961021627578,0.4904398204274862,0.4396330360018982,0.5076907763639465,0.35465054249844996,0.3776288415299474,0.5114343438525161,0.4391276541742275,0.5458716270173558,0.5216586094740526,0.502057118137392,0.5042084309644642,0.31975344901771985,0.5300621712233653,0.4463981987294065,0.6040636418463082,0.3872463256386252,0.436651841833964,0.4539522942785789,0.7238402417716558,0.5189240143367226,0.4426378470511736,0.5947589653234975,0.5231169493336032,0.5606464186569255,0.527999862047593,0.5800298057849472,0.43317938267584943,0.5363417837981116
